Beauty,hair,nails,massage and spa,mobile services,cosmetic clinics,hair extension,spray tan,make-up,non surgical
Waxing,beard trimming,Polish,Aromatherapy Body Massage,Beauty,PCI Micro Needling,Clip Ons,Machine Booth Tan,miniral prodacts,laser pigment removal
Standard Bikini,hair removal,French,Hot Stone Body Massage,Hair,Micro Fat Transfer,Full Hair,Tan Specialists,events,laser hair removal
Brazilian,hair tinting,Shellac,Aromatherapy Back Massage,Nails,Dermal Fillers,Colour/ombre,full body,in store,lip filler
Legs Full,barber,Gel Manicure,Ear Candling Treatment,Hair Removal,Perspiration Control,clip-in,1.2.3.or 8hours spray tan,wedding,microdermbrasion
Full Legs And Bikini,womens hair,Acrylic Manicure,Back Scrub,Cosmetics,PRP Tissue Regeneration,micro loop,eco tan,airbrush,diathermy
Legs Lower Half,wigs,Oil Manicures,Bamboo Massage,make-up,Anti Wrinkle Treatments,fusion,1/2 body spary tan,debutante,led light
Legs Upper Half,mens hair,European Manicure,Body Brushing,,Breast Augmentation,tape in,arms face and legs only,editorial,oxygen therapy
Under Arm,hair colouring,Hot Stone Manicure,Foot And Lower Leg Massage,,Breast Reduction,wefts,spray tan package,catalogs,non-surgical face lift
Half Arms,permanent waves,Silk Manicure,Salt Scrub Massage,,Breast Lift,closure,comp-tans,,cool sculpting
Full Arm,hair straightening,Permanent French,Mud Treatments,,Mastopexy,wigs,,make up lesson,cosmetic injection
Eyebrows,shaving,Back Fill,Swedish Massage,,Liposuction,hair-pieces,,mineral make-up,cosmetic - tattoos
Eyebrow Shape,hair extentions,Nail Overlay,Remedial Massage,,Abdominplasty,synthetic hair,,semi permanent colouring,skin and laser treatment
Chin,fine hair,French Set,Pregnancy,,Rhinoplasty,humman hair,,makeober,skin tag removal
Lip,african hair,Natural Set,Deep Tissue Massage,,Face Lift,virgin,,bridal makeup,tattoo removal
Nostrils,keratin treatment,Coating Varnish Infill,Sports Massage,,Neck Lift,,,,IPL
Neck,hair thinning,Infill & Polish,Relaxation Massage,,Foreheadplasty,,,,fat removal
Face Sides,permanent hair straightening,Buff And Polish,Bowen Therapy,,Blepharoplasty,,,,mole removal
Laser,hair treatment,Shaped And Painted,Reiki,,Keyhole Brow Lift,,,,micro-needling
Men's,fringe,Acrylic Nails,Indian Head Massage,,Laser Skin Resurfacing,,,,skin analysis
Laser and Hair Removal,mens hair removal,Full set,Manual Lymphatic Drainage,,Mummy Make Overs,,,,vein removal
pulse light hair reduction,hair conditioning,Fill in,Hot Stone Massage,,,,,,skin tightening
upper lip,hair upstyling,Nail Repair,Detox,,,,,,scar removal
sides of face,shisedo hair straightening,Nail cut,Day Spas,,,,,,skin pigmentation
Legs,hair toning,Classic spa,Massage Treatments,,,,,,acne treatment
Full Back,permanent colouring,Organic spa,Cosmetic Massage,,,,,,anti aging facial
Male Chest,retexturising treatment,Golden Spa,,,,,,,photo rejuvination
Male Abdomen,women only,Glitter,,,,,,,dermal fillers
Snail Trail,brazilian blowout,Paraffin,,,,,,,DYSPORT
Lashes,hair contouring,Manicure,,,,,,,teeth whitening
Eyelash Tint,apprentice services,Pedicure,,,,,,,PRP treatment
Eyebrow Tint,hairline colouring,Nail Artwork,,,,,,,acne scar treatment
Eyebrow,consultation,Nail Treatments,,,,,,,electrolysis
Lightening,cut and blowdry,shellac nails,,,,,,,microneedling
Lash And Brow Tint,restyle cut and blowdry,nail art,,,,,,,botox
Eyelash Extensions Full Set,mens cut,gel nails,,,,,,,mesoneedling
Lash Fill,mens cut+beard,SNS nails,,,,,,,hypoxi
Eyelash Removal,express treatment,bio sculpture nails,,,,,,,sugaring
Eyebrow Trimming,blondpro,japanese gel nals,,,,,,,fat freezing
Eyelash Touch-Up,free hand foils,manicure and pedicure,,,,,,,micro blading
String,colour corection,,,,,,,,
Professional Make up,senior styling cut,,,,,,,,
Special Occasions,junior styling cut,,,,,,,,
Full Face,hair bleaching,,,,,,,,
Eyes,hair growth,,,,,,,,
Tattoos,curly hair,,,,,,,,
Laser Tattoo Removal,bridal hair,,,,,,,,
Traditional Tattoos,kids haircut,,,,,,,,
Cosmetic Tattooing,crew cut,,,,,,,,
Black And Grey Tattoos,directors cut,,,,,,,,
Cover Up,top styling cut,,,,,,,,
Custom Tattoos,foils with cut,,,,,,,,
Cultural Influenced Designs,hair cut,,,,,,,,
Portraits,cut throat shave,,,,,,,,
Permanent Make Up,head shave,,,,,,,,
Piercings,perm,,,,,,,,
Treatments and Facials,dreadlocks,,,,,,,,
Crystal Microdermabrasion,balayage,,,,,,,,
Superficial Skin Peels,kerastase,,,,,,,,
Facial,olaplex,,,,,,,,
Elos skin rejuvenation,blow wave,,,,,,,,
Laser hair removal,shu hemura,,,,,,,,
Low intensity laser therapy,all over colour,,,,,,,,
brazilioan wax,subtle balayage,,,,,,,,
man waxsing,premium balayage,,,,,,,,
threading,1/4 head foils with colour,,,,,,,,
spray tan,1/4 head of foils,,,,,,,,
facial waxing,1/2 head foils,,,,,,,,
fat freezing,3/4 head foils,,,,,,,,
3d lashes,ghd curls,,,,,,,,
eyebrow tinting,Extensions,,,,,,,,
eyebrow shaping,Colour,,,,,,,,
eyebrow extensions,Foils/highlights,,,,,,,,
eyebrow feathering,weddings/engment formal,,,,,,,,
eyelash tintin,Consultations,,,,,,,,
eyelash extensions,permenent/ceratin Straightening,,,,,,,,
eyelash lifting,Long Hair,,,,,,,,
eyelash perm,Short Hair,,,,,,,,
chemical peel,Wavy Hair,,,,,,,,
facial peel,hair up,,,,,,,,
facial conturing,styling,,,,,,,,
cellulite,beard,,,,,,,,
collagen,restyle hair cut,,,,,,,,
facial massage,wash and dry,,,,,,,,
anti aging facial,Women's Hair,,,,,,,,
piercing,Men's Hair,,,,,,,,
henna,Mobile Hair Dresser,,,,,,,,
classic eyelash extentions,Hair Loss Treatment,,,,,,,,
pamper treatment,Wigs & Hair Pieces,,,,,,,,
XXX waxing,Head Lice Removal,,,,,,,,
high performance facial,color correction,,,,,,,,
triad medical facial,straightning,,,,,,,,
,kids hair,,,,,,,,
,events,,,,,,,,